triagestufe,mean,median,min,max,std
1,2.175,2.0,1,12,1.0043936204270556
2,879.3899848254931,434.0,1,11107,1274.690132688462
3,1238.5428748323186,486.0,1,22876,2019.918215372628
4,3590.067797724732,793.0,1,43434,6583.6018178527875
5,6484.024863553669,860.0,1,65251,11579.366732929206
